{
    "ZZ": {
        "A_chb": -0.09289383888244629,
        "u_A_chb": 0.0016105082368337144,
        "A_chbox": 0.12125968933105469,
        "u_A_chbox": 0.0,
        "A_chdd": 0.015926361083984375,
        "u_A_chdd": 0.0001460009659995543,
        "A_che": -0.09319782257080078,
        "u_A_che": 2.676241912918526e-05,
        "A_chj3": -0.05601048469543457,
        "u_A_chj3": 0.0001538400384903014,
        "A_chl1": 0.13434886932373047,
        "u_A_chl1": 8.279683758824033e-05,
        "A_chl3": -0.17699003219604492,
        "u_A_chl3": 0.00020232594517908693,
        "A_chq1": -0.015234947204589844,
        "u_A_chq1": 3.705089156131757e-05,
        "A_chq3": -0.015234947204589844,
        "u_A_chq3": 3.705089156131757e-05,
        "A_chu": -0.010704994201660156,
        "u_A_chu": 4.3735352344141345e-05,
        "A_chwb": -0.019979476928710938,
        "u_A_chwb": 0.0008573477074443318,
        "A_cll1": 0.1377105712890625,
        "u_A_cll1": 0.00013011845490817843,
        "B_chb_2": 0.4112720489501953,
        "u_B_chb_2": 0.014666134356717776,
        "B_chb_chwb": -0.25331974029541016,
        "u_B_chb_chwb": 0.01757680236870437,
        "B_chbox_chl3": -0.01728534698486328,
        "u_B_chbox_chl3": 0.00029200193199910854,
        "B_chdd_chb": -0.04589557647705078,
        "u_B_chdd_chb": 0.0013274584681582503,
        "B_chdd_che": 0.012516975402832031,
        "u_B_chdd_che": 0.0013591950238932824,
        "B_chdd_chl1": 0.011920928955078125,
        "u_B_chdd_chl1": 0.0017192608239479015,
        "B_chdd_chl3": 0.011324882507324219,
        "u_B_chdd_chl3": 0.0016858739404357612,
        "B_chdd_chw": 0.045299530029296875,
        "u_B_chdd_chw": 0.00029200193199910854,
        "B_chdd_chwb": 0.010132789611816406,
        "u_B_chdd_chwb": 0.0012615925364802315,
        "B_che_cll1": -0.010132789611816406,
        "u_B_che_cll1": 0.0009973764735866494,
        "B_chl1_2": 0.01430511474609375,
        "u_B_chl1_2": 0.0032340669551493015,
        "B_chl3_2": 0.016689300537109375,
        "u_B_chl3_2": 0.003615796777749801,
        "B_chl3_che": 0.020265579223632812,
        "u_B_chl3_che": 0.0013274584681582503,
        "B_chl3_cll1": -0.022649765014648438,
        "u_B_chl3_cll1": 0.0016345154286387072,
        "B_chw_2": 0.11205673217773438,
        "u_B_chw_2": 0.0013058723390225557,
        "B_chw_chb": -0.017881393432617188,
        "u_B_chw_chb": 0.008995365848500005,
        "B_chw_chwb": -0.16927719116210938,
        "u_B_chw_chwb": 0.004732473669357111,
        "B_chwb_2": 0.12636184692382812,
        "u_B_chwb_2": 0.006615847075229457,
        "B_chwb_che": 0.010132789611816406,
        "u_B_chwb_che": 0.0008760057959973258
    },
    "gamgam": {
        "A_chb": -40.149,
        "A_chbox": 0.121224,
        "A_chd": -0.241643,
        "A_chl3": -0.363754,
        "A_chw": -13.0861,
        "A_chwb": 22.3044,
        "A_cll1": 0.181877,
        "A_ctbre": -2.15072,
        "A_cthre": 0.0344664,
        "A_ctwre": -1.15159,
        "A_cw": -0.946266,
        "B_chb_2": 402.985,
        "B_chd_2": 0.0145979,
        "B_chl3_2": 0.0330792,
        "B_chw_2": 42.8117,
        "B_chwb_2": 124.372,
        "B_ctbre_2": 1.1564,
        "B_ctwre_2": 0.331537,
        "B_cw_2": 0.223855,
        "B_chb_chbox": -2.43352,
        "B_chb_chd": 4.85087,
        "B_chb_chl3": 7.30217,
        "B_chb_chw": 262.697,
        "B_chb_chwb": -447.75,
        "B_chb_cll1": -3.65108,
        "B_chb_ctbre": 43.1746,
        "B_chb_cthre": -0.691895,
        "B_chb_ctwre": 23.1175,
        "B_chb_cw": 18.9958,
        "B_chbox_chd": -0.0146465,
        "B_chbox_chl3": -0.0220479,
        "B_chbox_chw": -0.793178,
        "B_chbox_chwb": 1.35192,
        "B_chbox_cll1": 0.0110239,
        "B_chbox_ctbre": -0.13036,
        "B_chbox_ctwre": -0.0698001,
        "B_chbox_cw": -0.0573552,
        "B_chd_chl3": 0.0439493,
        "B_chd_chw": 1.58109,
        "B_chd_chwb": -2.69485,
        "B_chd_cll1": -0.0219746,
        "B_chd_ctbre": 0.259853,
        "B_chd_ctwre": 0.139136,
        "B_chd_cw": 0.114329,
        "B_chl3_chw": 2.38006,
        "B_chl3_chwb": -4.05665,
        "B_chl3_cll1": -0.0330792,
        "B_chl3_ctbre": 0.391166,
        "B_chl3_ctwre": 0.209447,
        "B_chl3_cw": 0.172104,
        "B_chw_chwb": -145.939,
        "B_chw_cll1": -1.19003,
        "B_chw_ctbre": 14.0723,
        "B_chw_cthre": -0.225516,
        "B_chw_ctwre": 7.5349,
        "B_chw_cw": 6.19148,
        "B_chwb_cll1": 2.02833,
        "B_chwb_ctbre": -23.9853,
        "B_chwb_cthre": 0.384376,
        "B_chwb_ctwre": -12.8427,
        "B_chwb_cw": -10.553,
        "B_cll1_ctbre": -0.195583,
        "B_cll1_ctwre": -0.104723,
        "B_cll1_cw": -0.0860519,
        "B_ctbre_cthre": -0.0370638,
        "B_ctbre_ctwre": 1.23837,
        "B_ctbre_cw": 1.01758,
        "B_cthre_ctwre": -0.0198455,
        "B_cthre_cw": -0.0163072,
        "B_ctwre_cw": 0.544853
    },
    "bb": {
        "A_chbox": 0.1212481150408084,
        "u_A_chbox": 0.0,
        "A_chdd": -0.030312087057909054,
        "u_A_chdd": 0.0,
        "A_cbhre": -6.521383598911775,
        "u_A_cbhre": 0.0,
        "A_chl3": -0.12124815390594634,
        "u_A_chl3": 6.9390871739186175e-06,
        "A_cll1": 0.06062409638554217,
        "u_A_cll1": 1.73096089815817e-06,
        "B_cbhim_2": 10.660707345511074,
        "u_B_cbhim_2": 0.0,
        "B_cbhre_2": 10.632110376991838,
        "u_B_cbhre_2": 0.0,
        "B_chbox_cbhre": -0.3953525068013991,
        "u_B_chbox_cbhre": 0.0,
        "B_chdd_cbhre": 0.0988382432957637,
        "u_B_chdd_cbhre": 0.0,
        "B_cbhre_chl3": 0.3953525068013991,
        "u_B_cbhre_chl3": 0.0,
        "B_cbhre_cll1": -0.19767617567042364,
        "u_B_cbhre_cll1": 0.0
    },
    "WW": {
        "A_chbox": 0.12124809023601613,
        "u_A_chbox": 1.3554632528858088e-05,
        "A_chdd": -0.030965202177738925,
        "u_A_chdd": 0.0003736205375895942,
        "A_chj3": -0.07712507795510672,
        "u_A_chj3": 0.0005792405202369567,
        "A_chl3": -0.15111966167320678,
        "u_A_chl3": 0.0006750616346518034,
        "A_chw": -0.08801473775465972,
        "u_A_chw": 0.0003921627962102089,
        "A_cll1": 0.12393100975310588,
        "u_A_cll1": 0.000435350039432312,
        "B_chb_2": 0.018812310359774598,
        "u_B_chb_2": 5.955437692076245e-05,
        "B_chb_chwb": 0.023728868660598177,
        "u_B_chb_chwb": 0.00012561192621055812,
        "B_chbtil_2": 0.017631122670134374,
        "u_B_chbtil_2": 5.627506353230664e-05,
        "B_chbtil_chwbtil": 0.023490463805808402,
        "u_B_chbtil_chwbtil": 0.00012217485083141616,
        "B_chl3_cll1": -0.011946008764434048,
        "u_B_chl3_cll1": 7.335948705862236e-05,
        "B_chw_2": 0.021532293021239705,
        "u_B_chw_2": 6.910955873143112e-05,
        "B_chw_chb": -0.037509752925877764,
        "u_B_chw_chb": 0.00016851237206905043,
        "B_chw_chwb": -0.023611833550065024,
        "u_B_chw_chwb": 0.00012403919065032178,
        "B_chwtil_2": 0.01873645426961422,
        "u_B_chwtil_2": 5.9644390400372003e-05,
        "B_chwtil_chbtil": -0.03517988729952319,
        "u_B_chwtil_chbtil": 0.00015434690617777643,
        "B_chwtil_chwbtil": -0.023408105765062855,
        "u_B_chwtil_chwbtil": 0.00011334965788604068
    },
    "tautau": {
        "A_chbox": 0.12124810927612287,
        "u_A_chbox": 7.5735582698857025e-06,
        "A_chdd": -0.030312046612131504,
        "u_A_chdd": 0.0,
        "A_cehre": -0.12124814786232443,
        "u_A_cehre": 3.872313297704572e-06,
        "A_chl3": -0.12124814786232443,
        "u_A_chl3": 3.872313297704572e-06,
        "A_cll1": 0.06062397746565829,
        "u_A_cll1": 7.530134556922009e-06
    },
    "mumu": {
        "A_chbox": 0.12124818799114975,
        "u_A_chbox": 0.0,
        "A_chdd": -0.030312014299883377,
        "u_A_chdd": 2.379422578153748e-06,
        "A_cehre": -0.1212480789981362,
        "u_A_cehre": 2.3661251118051852e-05,