{
    "WH_had_GE2J_MJJ_GT700_PTH_0_200_PTHJJ_GT25": {
        "EWK": 0.93, 
        "C1": 0.005937274942441239
    }, 
    "ZH_had_0J": {
        "EWK": 0.947, 
        "C1": 0.008962893802640431
    }, 
    "ZH_lep_FWDH": {
        "EWK": 0.947, 
        "C1": 0.01350075614267121
    }, 
    "WH_had_FWDH": {
        "EWK": 0.93, 
        "C1": 0.00835140122246569
    }, 
    "WH_had_0J": {
        "EWK": 0.93, 
        "C1": 0.008962893802640431
    }, 
    "qqH_GE2J_MJJ_60_120": {
        "EWK": 0.932, 
        "C1": 0.008344757481148747
    }, 
    "qqH_FWDH": {
        "EWK": 0.932, 
        "C1": 0.00835140122246569
    }, 
    "ttH_PTH_0_60": {
        "EWK": 1.014, 
        "C1": 0.05147800257875551
    }, 
    "ttH_FWDH": {
        "EWK": 1.014, 
        "C1": 0.03334834071452504
    }, 
    "ZH_lep_PTV_GT250": {
        "EWK": 0.947, 
        "C1": 7.926026892217187e-06
    }, 
    "qqH_GE2J_MJJ_0_60": {
        "EWK": 0.932, 
        "C1": 0.007466552640429523
    }, 
    "WH_lep_FWDH": {
        "EWK": 0.93, 
        "C1": 0.011751484488478244
    }, 
    "WH_had_GE2J_MJJ_60_120": {
        "EWK": 0.93, 
        "C1": 0.008344757481148747
    }, 
    "qqH_GE2J_MJJ_GT350_PTH_GT200": {
        "EWK": 0.932, 
        "C1": 0.005078478503855805
    }, 
    "ZH_had_GE2J_MJJ_350_700_PTH_0_200_PTHJJ_0_25": {
        "EWK": 0.947, 
        "C1": 0.006254462152114888
    }, 
    "WH_lep_PTV_GT250": {
        "EWK": 0.93, 
        "C1": 2.1749877354926382e-05
    }, 
    "WH_had_GE2J_MJJ_350_700_PTH_0_200_PTHJJ_0_25": {
        "EWK": 0.93, 
        "C1": 0.006254462152114888
    }, 
    "qqH_1J": {
        "EWK": 0.932, 
        "C1": 0.007770151529204799
    },
    "ZH_lep_PTV_0_75": {
        "EWK": 0.947, 
        "C1": 0.01632394701406956
    },  
    "ttH_PTH_200_300": {
        "EWK": 1.014, 
        "C1": 0.016884825763662386
    }, 
    "ZH_lep_PTV_150_250_0J": {
        "EWK": 0.947, 
        "C1": 0.0020948856971950854
    }, 
    "ZH_had_GE2J_MJJ_120_350": {
        "EWK": 0.947, 
        "C1": 0.006915900837823987
    }, 
    "ZH_had_GE2J_MJJ_60_120": {
        "EWK": 0.947, 
        "C1": 0.008344757481148747
    }, 
    "ttH_PTH_60_120": {
        "EWK": 1.014, 
        "C1": 0.04226882669830848
    }, 
    "WH_had_GE2J_MJJ_GT350_PTH_GT200": {
        "EWK": 0.93, 
        "C1": 0.005078478503855805
    }, 
    "ZH_had_GE2J_MJJ_GT700_PTH_0_200_PTHJJ_0_25": {
        "EWK": 0.947, 
        "C1": 0.006223140488771686
    }, 
    "qqH_GE2J_MJJ_120_350": {
        "EWK": 0.932, 
        "C1": 0.006915900837823987
    }, 
    "ZH_had_FWDH": {
        "EWK": 0.947, 
        "C1": 0.00835140122246569
    }, 
    "ZH": {
        "EWK": 0.947, 
        "C1": 0.0119
    }, 
    "WH_had_GE2J_MJJ_120_350": {
        "EWK": 0.93, 
        "C1": 0.006915900837823987
    }, 
    "ZH_had_1J": {
        "EWK": 0.947, 
        "C1": 0.007770151529204799
    }, 
    "ZH_lep_PTV_75_150": {
        "EWK": 0.947, 
        "C1": 0.008702117339395821
    }, 
    "WH_had_GE2J_MJJ_350_700_PTH_0_200_PTHJJ_GT25": {
        "EWK": 0.93, 
        "C1": 0.00610929636371653
    }, 
    "ZH_had_GE2J_MJJ_GT350_PTH_GT200": {
        "EWK": 0.947, 
        "C1": 0.005078478503855805
    }, 
    "WH_lep_PTV_150_250_GE1J": {
        "EWK": 0.93, 
        "C1": 0.0033109566427693003
    }, 
    "WH_had_1J": {
        "EWK": 0.93, 
        "C1": 0.007770151529204799
    }, 
    "ZH_had_GE2J_MJJ_350_700_PTH_0_200_PTHJJ_GT25": {
        "EWK": 0.947, 
        "C1": 0.00610929636371653
    }, 
    "WH_had_GE2J_MJJ_0_60": {
        "EWK": 0.93, 
        "C1": 0.007466552640429523
    }, 
    "ttH": {
        "EWK": 1.014, 
        "C1": 0.0352
    }, 
    "ttH_PTH_120_200": {
        "EWK": 1.014, 
        "C1": 0.029230627792694776
    }, 
    "WH_lep_PTV_150_250_0J": {
        "EWK": 0.93, 
        "C1": 0.0018555934066378137
    }, 
    "qqH_GE2J_MJJ_GT700_PTH_0_200_PTHJJ_0_25": {
        "EWK": 0.932, 
        "C1": 0.006223140488771686
    }, 
    "ttH_PTH_GT300": {
        "EWK": 1.014, 
        "C1": 0.007033632563363744
    }, 
    "WH": {
        "EWK": 0.93, 
        "C1": 0.0103
    }, 
    "qqH_GE2J_MJJ_350_700_PTH_0_200_PTHJJ_GT25": {
        "EWK": 0.932, 
        "C1": 0.00610929636371653
    }, 
    "WH_had_GE2J_MJJ_GT700_PTH_0_200_PTHJJ_0_25": {
        "EWK": 0.93, 
        "C1": 0.006223140488771686
    }, 
    "ZH_lep_PTV_150_250_GE1J": {
        "EWK": 0.947, 
        "C1": 0.0039537938727700825
    }, 
    "qqH_0J": {
        "EWK": 0.932, 
        "C1": 0.008962893802640431
    }, 
    "ZH_had_GE2J_MJJ_GT700_PTH_0_200_PTHJJ_GT25": {
        "EWK": 0.947, 
        "C1": 0.005937274942441239
    }, 
    "qqH_GE2J_MJJ_GT700_PTH_0_200_PTHJJ_GT25": {
        "EWK": 0.932, 
        "C1": 0.005937274942441239
    }, 
    "qqH": {
        "EWK": 0.932, 
        "C1": 0.0063
    }, 
    "WH_lep_PTV_0_75": {
        "EWK": 0.93, 
        "C1": 0.013988429023064122
    }, 
    "WH_lep_PTV_75_150": {
        "EWK": 0.93, 
        "C1": 0.007465558865701893
    }, 
    "ZH_had_GE2J_MJJ_0_60": {
        "EWK": 0.947, 
        "C1": 0.007466552640429523
    }, 
    "qqH_GE2J_MJJ_350_700_PTH_0_200_PTHJJ_0_25": {
        "EWK": 0.932, 
        "C1": 0.006254462152114888
    },
    "ggH": {
        "EWK": 1.049, 
        "C1": 0.0066
    },
    "tHq": {
        "EWK": 0.95, 
        "C1": 0.009537355979403316
    }
}
