{
    "WH_had_GE2J_MJJ_GT700_PTH_0_200_PTHJJ_GT25": {
        "EWK": 0.93, 
        "C1": 0.006406888743701631
    }, 
    "ZH_had_0J": {
        "EWK": 0.947, 
        "C1": 0.018496112588169186
    }, 
    "WH_had_0J": {
        "EWK": 0.93, 
        "C1": 0.015779232113718778
    }, 
    "ttH_PTH_0_60": {
        "EWK": 1.014, 
        "C1": 0.05066268775120003
    }, 
    "ZH_lep_PTV_GT250": {
        "EWK": 0.947, 
        "C1": -0.000557336548919608
    }, 
    "WH_had_GE2J_MJJ_60_120": {
        "EWK": 0.93, 
        "C1": 0.008197718700295387
    }, 
    "ttH_PTH_60_120": {
        "EWK": 1.014, 
        "C1": 0.0414242440787534
    }, 
    "ZH_had_GE2J_MJJ_350_700_PTH_0_200_PTHJJ_0_25": {
        "EWK": 0.947, 
        "C1": 0.01009626224103761
    }, 
    "WH_lep_PTV_GT250": {
        "EWK": 0.93, 
        "C1": -0.0004222142390829322
    }, 
    "WH_had_GE2J_MJJ_120_350": {
        "EWK": 0.93, 
        "C1": 0.008645705417407683
    }, 
    "ttH_PTH_200_300": {
        "EWK": 1.014, 
        "C1": 0.01617835387656458
    }, 
    "ZH_lep_PTV_150_250_0J": {
        "EWK": 0.947, 
        "C1": 0.002021024054120925
    }, 
    "ZH_had_GE2J_MJJ_120_350": {
        "EWK": 0.947, 
        "C1": 0.010258148575456405
    }, 
    "ZH_had_GE2J_MJJ_60_120": {
        "EWK": 0.947, 
        "C1": 0.01051723824802494
    }, 
    "ZH_lep_PTV_0_75": {
        "EWK": 0.947, 
        "C1": 0.016418401132560684
    }, 
    "WH_had_GE2J_MJJ_GT350_PTH_GT200": {
        "EWK": 0.93, 
        "C1": -0.0001692073441712023
    }, 
    "ZH_had_GE2J_MJJ_GT700_PTH_0_200_PTHJJ_0_25": {
        "EWK": 0.947, 
        "C1": 0.008470390688770205
    }, 
    "WH_had_GE2J_MJJ_350_700_PTH_0_200_PTHJJ_0_25": {
        "EWK": 0.93, 
        "C1": 0.008105015364336478
    }, 
    "ZH_had_1J": {
        "EWK": 0.947, 
        "C1": 0.012698521655735751
    }, 
    "ZH_lep_PTV_75_150": {
        "EWK": 0.947, 
        "C1": 0.00832281137597462
    }, 
    "WH_had_GE2J_MJJ_350_700_PTH_0_200_PTHJJ_GT25": {
        "EWK": 0.93, 
        "C1": 0.007289540614766304
    }, 
    "ZH_had_GE2J_MJJ_0_60": {
        "EWK": 0.947, 
        "C1": 0.009259035572056177
    }, 
    "WH_lep_PTV_150_250_GE1J": {
        "EWK": 0.93, 
        "C1": 0.0021992560316528025
    }, 
    "WH_had_1J": {
        "EWK": 0.93, 
        "C1": 0.011077863043683033
    }, 
    "ZH_had_GE2J_MJJ_350_700_PTH_0_200_PTHJJ_GT25": {
        "EWK": 0.947, 
        "C1": 0.00866887552022172
    }, 
    "WH_had_GE2J_MJJ_0_60": {
        "EWK": 0.93, 
        "C1": 0.00789826172808878
    }, 
    "ZH_had_GE2J_MJJ_GT700_PTH_0_200_PTHJJ_GT25": {
        "EWK": 0.947, 
        "C1": 0.007852174551515663
    }, 
    "WH_lep_PTV_150_250_0J": {
        "EWK": 0.93, 
        "C1": 0.0019114878192160437
    }, 
    "ttH_PTH_GT300": {
        "EWK": 1.014, 
        "C1": 0.007154242471602009
    }, 
    "WH_had_GE2J_MJJ_GT700_PTH_0_200_PTHJJ_0_25": {
        "EWK": 0.93, 
        "C1": 0.007206730730033672
    }, 
    "ZH_lep_PTV_150_250_GE1J": {
        "EWK": 0.947, 
        "C1": 0.0027659266679034337
    }, 
    "ttH_PTH_120_200": {
        "EWK": 1.014, 
        "C1": 0.028377882376431827
    }, 
    "WH_lep_PTV_0_75": {
        "EWK": 0.93, 
        "C1": 0.014043397893298398
    }, 
    "WH_lep_PTV_75_150": {
        "EWK": 0.93, 
        "C1": 0.007094201931206336
    }, 
    "ZH_had_GE2J_MJJ_GT350_PTH_GT200": {
        "EWK": 0.947, 
        "C1": -0.0004940525419746034
    }, 
    "ttH_FWDH": {
        "EWK": 1.014, 
        "C1": 0.0332577750115836
    }, 
    "tHq": {
        "EWK": 0.95, 
        "C1": 0.009537355979403316
    },
    "ggH": {
        "EWK": 1.049, 
        "C1": 0.0066
    },
    "qqH": {
        "EWK": 0.932,
        "C1": 0.0063
    }
	
}
