{

    "ttH": {
        "EWK": 1.014, 
        "C1": 0.0352
    }, 
    "ttH_PTH_0_60": {
        "EWK": 1.014, 
        "C1": 0.05143
    }, 
    "ttH_PTH_60_120": {
        "EWK": 1.014, 
        "C1": 0.04225
    }, 
    "ttH_PTH_120_200": {
        "EWK": 1.014, 
        "C1": 0.02921
    }, 
    "ttH_PTH_200_300": {
        "EWK": 1.014, 
        "C1": 0.01678
    }, 
    "ttH_PTH_GT300": {
        "EWK": 1.014, 
        "C1": 0.00691
    }, 
    "ttH_PTH_300_450": {
        "EWK": 1.014, 
        "C1": 0.00812
    }, 
    "ttH_PTH_GT450": {
        "EWK": 1.014, 
        "C1": 0.00259
    }, 
    "ttH_FWDH": {
        "EWK": 1.014, 
        "C1": 0.03357
    }, 

    "ZH": {
        "EWK": 0.947, 
        "C1": 0.0119
    }, 
    "ZH_lep_PTV_0_75": {
        "EWK": 0.947, 
        "C1": 0.01633
    },  
    "ZH_lep_PTV_75_150": {
        "EWK": 0.947, 
        "C1": 0.00871
    }, 
    "ZH_lep_PTV_LT150": {
        "EWK": 0.947, 
        "C1": 0.01327
    }, 
    "ZH_lep_PTV_GT150": {
        "EWK": 0.947, 
        "C1": 0.002228
    }, 
    "ZH_lep_PTV_150_250_0J": {
        "EWK": 0.947, 
        "C1": 0.00293
    }, 
    "ZH_lep_PTV_150_250_GE1J": {
        "EWK": 0.947, 
        "C1": 0.00293
    }, 
    "ZH_lep_PTV_GT250": {
        "EWK": 0.947, 
        "C1": 3e-05
    }, 
    "ZH_lep_PTV_250_400": {
        "EWK": 0.947, 
        "C1": 0.00018
    }, 
    "ZH_lep_PTV_GT400": {
        "EWK": 0.947, 
        "C1": -0.00069
    }, 
    "ZH_lep_FWDH": {
        "EWK": 0.947, 
        "C1": 0.0135
    }, 

    "WH": {
        "EWK": 0.93, 
        "C1": 0.0103
    }, 
    "WH_lep_PTV_0_75": {
        "EWK": 0.93, 
        "C1": 0.01399
    }, 
    "WH_lep_PTV_75_150": {
        "EWK": 0.93, 
        "C1": 0.00747
    }, 
    "WH_lep_PTV_LT150": {
        "EWK": 0.93, 
        "C1": 0.01147
    }, 
    "WH_lep_PTV_GT150": {
        "EWK": 0.93, 
        "C1": 0.001896
    }, 
    "WH_lep_PTV_150_250_0J": {
        "EWK": 0.93, 
        "C1": 0.00250
    }, 
    "WH_lep_PTV_150_250_GE1J": {
        "EWK": 0.93, 
        "C1": 0.00250
    }, 
    "WH_lep_PTV_GT250": {
        "EWK": 0.93, 
        "C1": 4e-05
    }, 
    "WH_lep_PTV_250_400": {
        "EWK": 0.93, 
        "C1": 0.00018
    }, 
    "WH_lep_PTV_GT400": {
        "EWK": 0.93, 
        "C1": -0.00059
    }, 
    "WH_lep_FWDH": {
        "EWK": 0.93, 
        "C1": 0.01173
    }, 

    "ZH_had_0J": {
        "EWK": 0.947, 
        "C1": 0.00893
    }, 
    "ZH_had_1J": {
        "EWK": 0.947, 
        "C1": 0.00777
    }, 
    "ZH_had_GE2J_MJJ_0_60": {
        "EWK": 0.947, 
        "C1": 0.00747
    }, 
    "ZH_had_GE2J_MJJ_60_120": {
        "EWK": 0.947, 
        "C1": 0.00832
    }, 
    "ZH_had_GE2J_MJJ_120_350": {
        "EWK": 0.947, 
        "C1": 0.00692
    }, 
    "ZH_had_GE2J_MJJ_GT350_PTH_GT200": {
        "EWK": 0.947, 
        "C1": 0.00508
    }, 
    "ZH_had_GE2J_MJJ_350_700_PTH_0_200_PTHJJ_0_25": {
        "EWK": 0.947, 
        "C1": 0.00626
    }, 
    "ZH_had_GE2J_MJJ_350_700_PTH_0_200_PTHJJ_GT25": {
        "EWK": 0.947, 
        "C1": 0.00612
    }, 
    "ZH_had_GE2J_MJJ_GT700_PTH_0_200_PTHJJ_0_25": {
        "EWK": 0.947, 
        "C1": 0.00625
    }, 
    "ZH_had_GE2J_MJJ_GT700_PTH_0_200_PTHJJ_GT25": {
        "EWK": 0.947, 
        "C1": 0.00597
    }, 
    "ZH_had_FWDH": {
        "EWK": 0.947, 
        "C1": 0.00831
    }, 

    "WH_had_0J": {
        "EWK": 0.93, 
        "C1": 0.00893
    }, 
    "WH_had_1J": {
        "EWK": 0.93, 
        "C1": 0.00777
    }, 
    "WH_had_GE2J_MJJ_0_60": {
        "EWK": 0.93, 
        "C1": 0.00747
    }, 
    "WH_had_GE2J_MJJ_60_120": {
        "EWK": 0.93, 
        "C1": 0.00832
    }, 
    "WH_had_GE2J_MJJ_120_350": {
        "EWK": 0.93, 
        "C1": 0.00692
    }, 
    "WH_had_GE2J_MJJ_GT350_PTH_GT200": {
        "EWK": 0.93, 
        "C1": 0.00508
    }, 
    "WH_had_GE2J_MJJ_350_700_PTH_0_200_PTHJJ_0_25": {
        "EWK": 0.93, 
        "C1": 0.00626
    }, 
    "WH_had_GE2J_MJJ_350_700_PTH_0_200_PTHJJ_GT25": {
        "EWK": 0.93, 
        "C1": 0.00612
    }, 
    "WH_had_GE2J_MJJ_GT700_PTH_0_200_PTHJJ_0_25": {
        "EWK": 0.93, 
        "C1": 0.00625
    }, 
    "WH_had_GE2J_MJJ_GT700_PTH_0_200_PTHJJ_GT25": {
        "EWK": 0.93, 
        "C1": 0.00597
    }, 
    "WH_had_FWDH": {
        "EWK": 0.93, 
        "C1": 0.00831
    }, 

    "qqH": {
        "EWK": 0.932, 
        "C1": 0.0063
    }, 
    "qqH_0J": {
        "EWK": 0.932, 
        "C1": 0.00893
    }, 
    "qqH_1J": {
        "EWK": 0.932, 
        "C1": 0.00777
    }, 
    "qqH_GE2J_MJJ_0_60": {
        "EWK": 0.932, 
        "C1": 0.00747
    }, 
    "qqH_GE2J_MJJ_60_120": {
        "EWK": 0.932, 
        "C1": 0.00832
    }, 
    "qqH_GE2J_MJJ_120_350": {
        "EWK": 0.932, 
        "C1": 0.00692
    }, 
    "qqH_GE2J_MJJ_GT350_PTH_GT200": {
        "EWK": 0.932, 
        "C1": 0.00508
    }, 
    "qqH_GE2J_MJJ_350_700_PTH_0_200_PTHJJ_0_25": {
        "EWK": 0.932, 
        "C1": 0.00626
    }, 
    "qqH_GE2J_MJJ_350_700_PTH_0_200_PTHJJ_GT25": {
        "EWK": 0.932, 
        "C1": 0.00612
    }, 
    "qqH_GE2J_MJJ_GT700_PTH_0_200_PTHJJ_0_25": {
        "EWK": 0.932, 
        "C1": 0.00625
    }, 
    "qqH_GE2J_MJJ_GT700_PTH_0_200_PTHJJ_GT25": {
        "EWK": 0.932, 
        "C1": 0.00597
    }, 
    "qqH_FWDH": {
        "EWK": 0.932, 
        "C1": 0.00831
    }, 

    "ggH": {
        "EWK": 1.049, 
        "C1": 0.0066
    },

    "tHq": {
        "EWK": 0.95, 
        "C1": 0.009537355979403316
    }

}
