{
    "WH_had_GE2J_MJJ_GT700_PTH_0_200_PTHJJ_GT25": {
        "EWK": 0.93, 
        "C1": 0.006333187583550654
    }, 
    "ZH_had_0J": {
        "EWK": 0.947, 
        "C1": 0.0072748874625380685
    }, 
    "ZH_lep_FWDH": {
        "EWK": 0.947, 
        "C1": 0.01366511599282073
    }, 
    "WH_had_FWDH": {
        "EWK": 0.93, 
        "C1": 0.007404938269414821
    }, 
    "WH_had_0J": {
        "EWK": 0.93, 
        "C1": 0.0072748874625380685
    }, 
    "qqH_GE2J_MJJ_60_120": {
        "EWK": 0.932, 
        "C1": 0.008010710868030237
    }, 
    "qqH_FWDH": {
        "EWK": 0.932, 
        "C1": 0.007404938269414821
    }, 
    "ttH_PTH_0_60": {
        "EWK": 1.014, 
        "C1": 0.05146803501607474
    }, 
    "ttH_FWDH": {
        "EWK": 1.014, 
        "C1": 0.03349729492447138
    }, 
    "ZH_lep_PTV_GT250": {
        "EWK": 0.947, 
        "C1": -0.0005525466772105581
    }, 
    "qqH_GE2J_MJJ_0_60": {
        "EWK": 0.932, 
        "C1": 0.007342224011983034
    }, 
    "WH_lep_FWDH": {
        "EWK": 0.93, 
        "C1": 0.01174459859551249
    }, 
    "WH_had_GE2J_MJJ_60_120": {
        "EWK": 0.93, 
        "C1": 0.008010710868030237
    }, 
    "qqH_GE2J_MJJ_GT350_PTH_GT200": {
        "EWK": 0.932, 
        "C1": 0.005239968865698319
    }, 
    "ZH_had_GE2J_MJJ_350_700_PTH_0_200_PTHJJ_0_25": {
        "EWK": 0.947, 
        "C1": 0.006602522752225567
    }, 
    "WH_lep_PTV_GT250": {
        "EWK": 0.93, 
        "C1": 3.5103481983249494e-05
    }, 
    "WH_had_GE2J_MJJ_350_700_PTH_0_200_PTHJJ_0_25": {
        "EWK": 0.93, 
        "C1": 0.006602522752225567
    }, 
    "qqH_1J": {
        "EWK": 0.932, 
        "C1": 0.007233724920494399
    }, 
    "ZH_lep_PTV_0_75": {
        "EWK": 0.947, 
        "C1": 0.016570473546356358
    }, 
    "ttH_PTH_200_300": {
        "EWK": 1.014, 
        "C1": 0.016849088813552782
    }, 
    "ZH_lep_PTV_150_250_0J": {
        "EWK": 0.947, 
        "C1": 0.0018422138416953648
    }, 
    "ZH_had_GE2J_MJJ_120_350": {
        "EWK": 0.947, 
        "C1": 0.007077796716261568
    }, 
    "ZH_had_GE2J_MJJ_60_120": {
        "EWK": 0.947, 
        "C1": 0.008010710868030237
    }, 
    "ttH_PTH_60_120": {
        "EWK": 1.014, 
        "C1": 0.04227500119701437
    }, 
    "WH_had_GE2J_MJJ_GT350_PTH_GT200": {
        "EWK": 0.93, 
        "C1": 0.005239968865698319
    }, 
    "ZH_had_GE2J_MJJ_GT700_PTH_0_200_PTHJJ_0_25": {
        "EWK": 0.947, 
        "C1": 0.006634717846682859
    }, 
    "qqH_GE2J_MJJ_120_350": {
        "EWK": 0.932, 
        "C1": 0.007077796716261568
    }, 
    "ZH_had_FWDH": {
        "EWK": 0.947, 
        "C1": 0.007404938269414821
    }, 
    "ZH": {
        "EWK": 0.947, 
        "C1": 0.0119
    }, 
    "WH_had_GE2J_MJJ_120_350": {
        "EWK": 0.93, 
        "C1": 0.007077796716261568
    }, 
    "ZH_had_1J": {
        "EWK": 0.947, 
        "C1": 0.007233724920494399
    }, 
    "ZH_lep_PTV_75_150": {
        "EWK": 0.947, 
        "C1": 0.008769675455317072
    }, 
    "WH_had_GE2J_MJJ_350_700_PTH_0_200_PTHJJ_GT25": {
        "EWK": 0.93, 
        "C1": 0.0064320094143773794
    }, 
    "ZH_had_GE2J_MJJ_GT350_PTH_GT200": {
        "EWK": 0.947, 
        "C1": 0.005239968865698319
    }, 
    "WH_lep_PTV_150_250_GE1J": {
        "EWK": 0.93, 
        "C1": 0.0033002080442053414
    }, 
    "WH_had_1J": {
        "EWK": 0.93, 
        "C1": 0.007233724920494399
    }, 
    "ZH_had_GE2J_MJJ_350_700_PTH_0_200_PTHJJ_GT25": {
        "EWK": 0.947, 
        "C1": 0.0064320094143773794
    }, 
    "WH_had_GE2J_MJJ_0_60": {
        "EWK": 0.93, 
        "C1": 0.007342224011983034
    }, 
    "ttH": {
        "EWK": 1.014, 
        "C1": 0.0352
    }, 
    "ttH_PTH_120_200": {
        "EWK": 1.014, 
        "C1": 0.029249671495597016
    }, 
    "WH_lep_PTV_150_250_0J": {
        "EWK": 0.93, 
        "C1": 0.0018572640336970967
    }, 
    "qqH_GE2J_MJJ_GT700_PTH_0_200_PTHJJ_0_25": {
        "EWK": 0.932, 
        "C1": 0.006634717846682859
    }, 
    "ttH_PTH_GT300": {
        "EWK": 1.014, 
        "C1": 0.0070107850804650125
    }, 
    "WH": {
        "EWK": 0.93, 
        "C1": 0.0103
    }, 
    "qqH_GE2J_MJJ_350_700_PTH_0_200_PTHJJ_GT25": {
        "EWK": 0.932, 
        "C1": 0.0064320094143773794
    }, 
    "WH_had_GE2J_MJJ_GT700_PTH_0_200_PTHJJ_0_25": {
        "EWK": 0.93, 
        "C1": 0.006634717846682859
    }, 
    "ZH_lep_PTV_150_250_GE1J": {
        "EWK": 0.947, 
        "C1": 0.003787428940957078
    }, 
    "qqH_0J": {
        "EWK": 0.932, 
        "C1": 0.0072748874625380685
    }, 
    "ZH_had_GE2J_MJJ_GT700_PTH_0_200_PTHJJ_GT25": {
        "EWK": 0.947, 
        "C1": 0.006333187583550654
    }, 
    "qqH_GE2J_MJJ_GT700_PTH_0_200_PTHJJ_GT25": {
        "EWK": 0.932, 
        "C1": 0.006333187583550654
    }, 
    "qqH": {
        "EWK": 0.932, 
        "C1": 0.0063
    }, 
    "WH_lep_PTV_0_75": {
        "EWK": 0.93, 
        "C1": 0.013987158003083276
    }, 
    "WH_lep_PTV_75_150": {
        "EWK": 0.93, 
        "C1": 0.007471289422512857
    }, 
    "ZH_had_GE2J_MJJ_0_60": {
        "EWK": 0.947, 
        "C1": 0.007342224011983034
    }, 
    "qqH_GE2J_MJJ_350_700_PTH_0_200_PTHJJ_0_25": {
        "EWK": 0.932, 
        "C1": 0.006602522752225567
    },
    "ggH": {
        "EWK": 1.049, 
        "C1": 0.0066
    },
    "tHq": {
        "EWK": 0.95, 
        "C1": 0.009537355979403316
    }
}
